model_label,term_1,term_2,pearson_correlation,absolute_correlation
grant_primary,ethics_responsibility_primary,computational_performance_primary,-0.0095043972239234,0.0095043972239234
grant_primary,ethics_responsibility_primary,mental_health_conditions_symptoms,-0.0723783572292492,0.0723783572292492
grant_primary,ethics_responsibility_primary,clinical_assessment_diagnosis,0.0381249693947458,0.0381249693947458
grant_primary,ethics_responsibility_primary,treatment_intervention,0.067296164005514,0.067296164005514
grant_primary,ethics_responsibility_primary,neurocognitive_affective_processes,-0.0318928452472198,0.0318928452472198
grant_primary,ethics_responsibility_primary,publication_year_centered,0.164088474486001,0.164088474486001
grant_primary,ethics_responsibility_primary,log1p_times_cited,-0.0493264321160383,0.0493264321160383
grant_primary,computational_performance_primary,mental_health_conditions_symptoms,0.1634208685346155,0.1634208685346155
grant_primary,computational_performance_primary,clinical_assessment_diagnosis,0.1351537872261765,0.1351537872261765
grant_primary,computational_performance_primary,treatment_intervention,0.0138162468873846,0.0138162468873846
grant_primary,computational_performance_primary,neurocognitive_affective_processes,-0.0414090332170737,0.0414090332170737
grant_primary,computational_performance_primary,publication_year_centered,0.0265740093987117,0.0265740093987117
grant_primary,computational_performance_primary,log1p_times_cited,0.0487287443805875,0.0487287443805875
grant_primary,mental_health_conditions_symptoms,clinical_assessment_diagnosis,0.2049194129009492,0.2049194129009492
grant_primary,mental_health_conditions_symptoms,treatment_intervention,0.1746673927955451,0.1746673927955451
grant_primary,mental_health_conditions_symptoms,neurocognitive_affective_processes,0.0214974829049027,0.0214974829049027
grant_primary,mental_health_conditions_symptoms,publication_year_centered,-0.0348625019767132,0.0348625019767132
grant_primary,mental_health_conditions_symptoms,log1p_times_cited,0.1143324212228573,0.1143324212228573
grant_primary,clinical_assessment_diagnosis,treatment_intervention,0.0938885337157729,0.0938885337157729
grant_primary,clinical_assessment_diagnosis,neurocognitive_affective_processes,-0.0489838869769312,0.0489838869769312
grant_primary,clinical_assessment_diagnosis,publication_year_centered,-0.0089006124577485,0.0089006124577485
grant_primary,clinical_assessment_diagnosis,log1p_times_cited,0.0616434469243408,0.0616434469243408
grant_primary,treatment_intervention,neurocognitive_affective_processes,0.0691585548156265,0.0691585548156265
grant_primary,treatment_intervention,publication_year_centered,0.0164944251494006,0.0164944251494006
grant_primary,treatment_intervention,log1p_times_cited,0.0318090731465173,0.0318090731465173
grant_primary,neurocognitive_affective_processes,publication_year_centered,0.0357239078335515,0.0357239078335515
grant_primary,neurocognitive_affective_processes,log1p_times_cited,-0.0237064822426795,0.0237064822426795
grant_primary,publication_year_centered,log1p_times_cited,-0.3745930302778207,0.3745930302778207
grant_complete_case,ethics_responsibility_primary,computational_performance_primary,-0.0139951381203405,0.0139951381203405
grant_complete_case,ethics_responsibility_primary,mental_health_conditions_symptoms,-0.0822829562366036,0.0822829562366036
grant_complete_case,ethics_responsibility_primary,clinical_assessment_diagnosis,0.0332322282242961,0.0332322282242961
grant_complete_case,ethics_responsibility_primary,treatment_intervention,0.0620006437358806,0.0620006437358806
grant_complete_case,ethics_responsibility_primary,neurocognitive_affective_processes,-0.0381099440251183,0.0381099440251183
grant_complete_case,ethics_responsibility_primary,publication_year_centered,0.1669897116982684,0.1669897116982684
grant_complete_case,ethics_responsibility_primary,log1p_times_cited,-0.059408190978282,0.059408190978282
grant_complete_case,computational_performance_primary,mental_health_conditions_symptoms,0.1562248509726774,0.1562248509726774
grant_complete_case,computational_performance_primary,clinical_assessment_diagnosis,0.1306624697052106,0.1306624697052106
grant_complete_case,computational_performance_primary,treatment_intervention,0.0071106152036456,0.0071106152036456
grant_complete_case,computational_performance_primary,neurocognitive_affective_processes,-0.0482180389833127,0.0482180389833127
grant_complete_case,computational_performance_primary,publication_year_centered,0.0268418192345641,0.0268418192345641
grant_complete_case,computational_performance_primary,log1p_times_cited,0.0408769011221097,0.0408769011221097
grant_complete_case,mental_health_conditions_symptoms,clinical_assessment_diagnosis,0.1975318967027544,0.1975318967027544
grant_complete_case,mental_health_conditions_symptoms,treatment_intervention,0.1644682585136714,0.1644682585136714
grant_complete_case,mental_health_conditions_symptoms,neurocognitive_affective_processes,0.0095100566600229,0.0095100566600229
grant_complete_case,mental_health_conditions_symptoms,publication_year_centered,-0.0358059255297174,0.0358059255297174
grant_complete_case,mental_health_conditions_symptoms,log1p_times_cited,0.1002451774024032,0.1002451774024032
grant_complete_case,clinical_assessment_diagnosis,treatment_intervention,0.0869959943372447,0.0869959943372447
grant_complete_case,clinical_assessment_diagnosis,neurocognitive_affective_processes,-0.0569655951897955,0.0569655951897955
grant_complete_case,clinical_assessment_diagnosis,publication_year_centered,-0.0088555082325967,0.0088555082325967
grant_complete_case,clinical_assessment_diagnosis,log1p_times_cited,0.0529400625005387,0.0529400625005387
grant_complete_case,treatment_intervention,neurocognitive_affective_processes,0.0604597008721398,0.0604597008721398
grant_complete_case,treatment_intervention,publication_year_centered,0.0165005144168707,0.0165005144168707
grant_complete_case,treatment_intervention,log1p_times_cited,0.0202425459574566,0.0202425459574566
grant_complete_case,neurocognitive_affective_processes,publication_year_centered,0.0357111023414089,0.0357111023414089
grant_complete_case,neurocognitive_affective_processes,log1p_times_cited,-0.0357748794389816,0.0357748794389816
grant_complete_case,publication_year_centered,log1p_times_cited,-0.382610718482539,0.382610718482539
grant_no_citation_adjustment,ethics_responsibility_primary,computational_performance_primary,-0.0095043972239234,0.0095043972239234
grant_no_citation_adjustment,ethics_responsibility_primary,mental_health_conditions_symptoms,-0.0723783572292492,0.0723783572292492
grant_no_citation_adjustment,ethics_responsibility_primary,clinical_assessment_diagnosis,0.0381249693947458,0.0381249693947458
grant_no_citation_adjustment,ethics_responsibility_primary,treatment_intervention,0.067296164005514,0.067296164005514
grant_no_citation_adjustment,ethics_responsibility_primary,neurocognitive_affective_processes,-0.0318928452472198,0.0318928452472198
grant_no_citation_adjustment,ethics_responsibility_primary,publication_year_centered,0.164088474486001,0.164088474486001
grant_no_citation_adjustment,computational_performance_primary,mental_health_conditions_symptoms,0.1634208685346155,0.1634208685346155
grant_no_citation_adjustment,computational_performance_primary,clinical_assessment_diagnosis,0.1351537872261765,0.1351537872261765
grant_no_citation_adjustment,computational_performance_primary,treatment_intervention,0.0138162468873846,0.0138162468873846
grant_no_citation_adjustment,computational_performance_primary,neurocognitive_affective_processes,-0.0414090332170737,0.0414090332170737
grant_no_citation_adjustment,computational_performance_primary,publication_year_centered,0.0265740093987117,0.0265740093987117
grant_no_citation_adjustment,mental_health_conditions_symptoms,clinical_assessment_diagnosis,0.2049194129009492,0.2049194129009492
grant_no_citation_adjustment,mental_health_conditions_symptoms,treatment_intervention,0.1746673927955451,0.1746673927955451
grant_no_citation_adjustment,mental_health_conditions_symptoms,neurocognitive_affective_processes,0.0214974829049027,0.0214974829049027
grant_no_citation_adjustment,mental_health_conditions_symptoms,publication_year_centered,-0.0348625019767132,0.0348625019767132
grant_no_citation_adjustment,clinical_assessment_diagnosis,treatment_intervention,0.0938885337157729,0.0938885337157729
grant_no_citation_adjustment,clinical_assessment_diagnosis,neurocognitive_affective_processes,-0.0489838869769312,0.0489838869769312
grant_no_citation_adjustment,clinical_assessment_diagnosis,publication_year_centered,-0.0089006124577485,0.0089006124577485
grant_no_citation_adjustment,treatment_intervention,neurocognitive_affective_processes,0.0691585548156265,0.0691585548156265
grant_no_citation_adjustment,treatment_intervention,publication_year_centered,0.0164944251494006,0.0164944251494006
grant_no_citation_adjustment,neurocognitive_affective_processes,publication_year_centered,0.0357239078335515,0.0357239078335515
grant_flexible_year,ethics_responsibility_primary,computational_performance_primary,-0.0095043972239234,0.0095043972239234
grant_flexible_year,ethics_responsibility_primary,mental_health_conditions_symptoms,-0.0723783572292492,0.0723783572292492
grant_flexible_year,ethics_responsibility_primary,clinical_assessment_diagnosis,0.0381249693947458,0.0381249693947458
grant_flexible_year,ethics_responsibility_primary,treatment_intervention,0.067296164005514,0.067296164005514
grant_flexible_year,ethics_responsibility_primary,neurocognitive_affective_processes,-0.0318928452472198,0.0318928452472198
grant_flexible_year,ethics_responsibility_primary,publication_year_spline_1,-0.1314222361650156,0.1314222361650156
grant_flexible_year,ethics_responsibility_primary,publication_year_spline_2,-0.2014632837169647,0.2014632837169647
grant_flexible_year,ethics_responsibility_primary,publication_year_spline_3,-0.1351193000048333,0.1351193000048333
grant_flexible_year,ethics_responsibility_primary,publication_year_spline_4,0.1934496826397302,0.1934496826397302
grant_flexible_year,ethics_responsibility_primary,log1p_times_cited,-0.0493264321160383,0.0493264321160383
grant_flexible_year,computational_performance_primary,mental_health_conditions_symptoms,0.1634208685346155,0.1634208685346155
grant_flexible_year,computational_performance_primary,clinical_assessment_diagnosis,0.1351537872261765,0.1351537872261765
grant_flexible_year,computational_performance_primary,treatment_intervention,0.0138162468873846,0.0138162468873846
grant_flexible_year,computational_performance_primary,neurocognitive_affective_processes,-0.0414090332170737,0.0414090332170737
grant_flexible_year,computational_performance_primary,publication_year_spline_1,-0.0188343464668127,0.0188343464668127
grant_flexible_year,computational_performance_primary,publication_year_spline_2,-0.0166963525342686,0.0166963525342686
grant_flexible_year,computational_performance_primary,publication_year_spline_3,-0.0408984100057505,0.0408984100057505
grant_flexible_year,computational_performance_primary,publication_year_spline_4,0.0430920846159224,0.0430920846159224
grant_flexible_year,computational_performance_primary,log1p_times_cited,0.0487287443805875,0.0487287443805875
grant_flexible_year,mental_health_conditions_symptoms,clinical_assessment_diagnosis,0.2049194129009492,0.2049194129009492
grant_flexible_year,mental_health_conditions_symptoms,treatment_intervention,0.1746673927955451,0.1746673927955451
grant_flexible_year,mental_health_conditions_symptoms,neurocognitive_affective_processes,0.0214974829049027,0.0214974829049027
grant_flexible_year,mental_health_conditions_symptoms,publication_year_spline_1,0.0366404826659868,0.0366404826659868
grant_flexible_year,mental_health_conditions_symptoms,publication_year_spline_2,0.0431805472808868,0.0431805472808868
grant_flexible_year,mental_health_conditions_symptoms,publication_year_spline_3,-0.0021602452615262,0.0021602452615262
grant_flexible_year,mental_health_conditions_symptoms,publication_year_spline_4,-0.0171855361219999,0.0171855361219999
grant_flexible_year,mental_health_conditions_symptoms,log1p_times_cited,0.1143324212228573,0.1143324212228573
grant_flexible_year,clinical_assessment_diagnosis,treatment_intervention,0.0938885337157729,0.0938885337157729
grant_flexible_year,clinical_assessment_diagnosis,neurocognitive_affective_processes,-0.0489838869769312,0.0489838869769312
grant_flexible_year,clinical_assessment_diagnosis,publication_year_spline_1,0.0115454599439278,0.0115454599439278
grant_flexible_year,clinical_assessment_diagnosis,publication_year_spline_2,0.0124239240463739,0.0124239240463739
grant_flexible_year,clinical_assessment_diagnosis,publication_year_spline_3,-0.0274329717087322,0.0274329717087322
grant_flexible_year,clinical_assessment_diagnosis,publication_year_spline_4,0.0164818935667933,0.0164818935667933
grant_flexible_year,clinical_assessment_diagnosis,log1p_times_cited,0.0616434469243408,0.0616434469243408
grant_flexible_year,treatment_intervention,neurocognitive_affective_processes,0.0691585548156265,0.0691585548156265
grant_flexible_year,treatment_intervention,publication_year_spline_1,0.0042477841997041,0.0042477841997041
grant_flexible_year,treatment_intervention,publication_year_spline_2,-0.0498471487469104,0.0498471487469104
grant_flexible_year,treatment_intervention,publication_year_spline_3,-0.0720824107452944,0.0720824107452944
grant_flexible_year,treatment_intervention,publication_year_spline_4,0.070725185468172,0.070725185468172
grant_flexible_year,treatment_intervention,log1p_times_cited,0.0318090731465173,0.0318090731465173
grant_flexible_year,neurocognitive_affective_processes,publication_year_spline_1,-0.0212649143120193,0.0212649143120193
grant_flexible_year,neurocognitive_affective_processes,publication_year_spline_2,-0.070680625987647,0.070680625987647
grant_flexible_year,neurocognitive_affective_processes,publication_year_spline_3,-0.0689752783545861,0.0689752783545861
grant_flexible_year,neurocognitive_affective_processes,publication_year_spline_4,0.0783496563705722,0.0783496563705722
grant_flexible_year,neurocognitive_affective_processes,log1p_times_cited,-0.0237064822426795,0.0237064822426795
grant_flexible_year,publication_year_spline_1,publication_year_spline_2,0.6408368647763868,0.6408368647763868
grant_flexible_year,publication_year_spline_1,publication_year_spline_3,-0.0761770770598125,0.0761770770598125
grant_flexible_year,publication_year_spline_1,publication_year_spline_4,-0.3407226846810392,0.3407226846810392
grant_flexible_year,publication_year_spline_1,log1p_times_cited,0.3096704222977867,0.3096704222977867
grant_flexible_year,publication_year_spline_2,publication_year_spline_3,0.3970443511858084,0.3970443511858084
grant_flexible_year,publication_year_spline_2,publication_year_spline_4,-0.7250279174818443,0.7250279174818443
grant_flexible_year,publication_year_spline_2,log1p_times_cited,0.471142855108305,0.471142855108305
grant_flexible_year,publication_year_spline_3,publication_year_spline_4,-0.8959946939975212,0.8959946939975212
grant_flexible_year,publication_year_spline_3,log1p_times_cited,0.2579997385368968,0.2579997385368968
grant_flexible_year,publication_year_spline_4,log1p_times_cited,-0.4044098075949524,0.4044098075949524
grant_start_on_or_before_publication,ethics_responsibility_primary,computational_performance_primary,-0.0095043972239234,0.0095043972239234
grant_start_on_or_before_publication,ethics_responsibility_primary,mental_health_conditions_symptoms,-0.0723783572292492,0.0723783572292492
grant_start_on_or_before_publication,ethics_responsibility_primary,clinical_assessment_diagnosis,0.0381249693947458,0.0381249693947458
grant_start_on_or_before_publication,ethics_responsibility_primary,treatment_intervention,0.067296164005514,0.067296164005514
grant_start_on_or_before_publication,ethics_responsibility_primary,neurocognitive_affective_processes,-0.0318928452472198,0.0318928452472198
grant_start_on_or_before_publication,ethics_responsibility_primary,publication_year_centered,0.164088474486001,0.164088474486001
grant_start_on_or_before_publication,ethics_responsibility_primary,log1p_times_cited,-0.0493264321160383,0.0493264321160383
grant_start_on_or_before_publication,computational_performance_primary,mental_health_conditions_symptoms,0.1634208685346155,0.1634208685346155
grant_start_on_or_before_publication,computational_performance_primary,clinical_assessment_diagnosis,0.1351537872261765,0.1351537872261765
grant_start_on_or_before_publication,computational_performance_primary,treatment_intervention,0.0138162468873846,0.0138162468873846
grant_start_on_or_before_publication,computational_performance_primary,neurocognitive_affective_processes,-0.0414090332170737,0.0414090332170737
grant_start_on_or_before_publication,computational_performance_primary,publication_year_centered,0.0265740093987117,0.0265740093987117
grant_start_on_or_before_publication,computational_performance_primary,log1p_times_cited,0.0487287443805875,0.0487287443805875
grant_start_on_or_before_publication,mental_health_conditions_symptoms,clinical_assessment_diagnosis,0.2049194129009492,0.2049194129009492
grant_start_on_or_before_publication,mental_health_conditions_symptoms,treatment_intervention,0.1746673927955451,0.1746673927955451
grant_start_on_or_before_publication,mental_health_conditions_symptoms,neurocognitive_affective_processes,0.0214974829049027,0.0214974829049027
grant_start_on_or_before_publication,mental_health_conditions_symptoms,publication_year_centered,-0.0348625019767132,0.0348625019767132
grant_start_on_or_before_publication,mental_health_conditions_symptoms,log1p_times_cited,0.1143324212228573,0.1143324212228573
grant_start_on_or_before_publication,clinical_assessment_diagnosis,treatment_intervention,0.0938885337157729,0.0938885337157729
grant_start_on_or_before_publication,clinical_assessment_diagnosis,neurocognitive_affective_processes,-0.0489838869769312,0.0489838869769312
grant_start_on_or_before_publication,clinical_assessment_diagnosis,publication_year_centered,-0.0089006124577485,0.0089006124577485
grant_start_on_or_before_publication,clinical_assessment_diagnosis,log1p_times_cited,0.0616434469243408,0.0616434469243408
grant_start_on_or_before_publication,treatment_intervention,neurocognitive_affective_processes,0.0691585548156265,0.0691585548156265
grant_start_on_or_before_publication,treatment_intervention,publication_year_centered,0.0164944251494006,0.0164944251494006
grant_start_on_or_before_publication,treatment_intervention,log1p_times_cited,0.0318090731465173,0.0318090731465173
grant_start_on_or_before_publication,neurocognitive_affective_processes,publication_year_centered,0.0357239078335515,0.0357239078335515
grant_start_on_or_before_publication,neurocognitive_affective_processes,log1p_times_cited,-0.0237064822426795,0.0237064822426795
grant_start_on_or_before_publication,publication_year_centered,log1p_times_cited,-0.3745930302778207,0.3745930302778207
policy_2021_primary,ethics_responsibility_primary,computational_performance_primary,-0.0244749357071524,0.0244749357071524
policy_2021_primary,ethics_responsibility_primary,mental_health_conditions_symptoms,-0.069612372170301,0.069612372170301
policy_2021_primary,ethics_responsibility_primary,clinical_assessment_diagnosis,0.0231948596241154,0.0231948596241154
policy_2021_primary,ethics_responsibility_primary,treatment_intervention,0.0344220989238936,0.0344220989238936
policy_2021_primary,ethics_responsibility_primary,neurocognitive_affective_processes,-0.0641661103594857,0.0641661103594857
policy_2021_primary,ethics_responsibility_primary,publication_year_centered,0.0619040964128455,0.0619040964128455
policy_2021_primary,ethics_responsibility_primary,log1p_times_cited,0.0400131463315435,0.0400131463315435
policy_2021_primary,computational_performance_primary,mental_health_conditions_symptoms,0.1817836893897455,0.1817836893897455
policy_2021_primary,computational_performance_primary,clinical_assessment_diagnosis,0.1455391385562764,0.1455391385562764
policy_2021_primary,computational_performance_primary,treatment_intervention,0.0557076786642248,0.0557076786642248
policy_2021_primary,computational_performance_primary,neurocognitive_affective_processes,-0.0164672460914797,0.0164672460914797
policy_2021_primary,computational_performance_primary,publication_year_centered,0.0561107250438869,0.0561107250438869
policy_2021_primary,computational_performance_primary,log1p_times_cited,0.0746102476214494,0.0746102476214494
policy_2021_primary,mental_health_conditions_symptoms,clinical_assessment_diagnosis,0.1827980854722976,0.1827980854722976
policy_2021_primary,mental_health_conditions_symptoms,treatment_intervention,0.1532200034799676,0.1532200034799676
policy_2021_primary,mental_health_conditions_symptoms,neurocognitive_affective_processes,0.043016557402115,0.043016557402115
policy_2021_primary,mental_health_conditions_symptoms,publication_year_centered,0.0045539717118668,0.0045539717118668
policy_2021_primary,mental_health_conditions_symptoms,log1p_times_cited,0.1371659800827119,0.1371659800827119
policy_2021_primary,clinical_assessment_diagnosis,treatment_intervention,0.0387877374110907,0.0387877374110907
policy_2021_primary,clinical_assessment_diagnosis,neurocognitive_affective_processes,-0.015160563748692,0.015160563748692
policy_2021_primary,clinical_assessment_diagnosis,publication_year_centered,0.0044453721145188,0.0044453721145188
policy_2021_primary,clinical_assessment_diagnosis,log1p_times_cited,0.0535541901858639,0.0535541901858639
policy_2021_primary,treatment_intervention,neurocognitive_affective_processes,0.0821702568641405,0.0821702568641405
policy_2021_primary,treatment_intervention,publication_year_centered,-0.0584665573231935,0.0584665573231935
policy_2021_primary,treatment_intervention,log1p_times_cited,0.0235536958737061,0.0235536958737061
policy_2021_primary,neurocognitive_affective_processes,publication_year_centered,-0.0620927011357609,0.0620927011357609
policy_2021_primary,neurocognitive_affective_processes,log1p_times_cited,0.0200133434862772,0.0200133434862772
policy_2021_primary,publication_year_centered,log1p_times_cited,-0.0076273578466391,0.0076273578466391
policy_2020_robustness,ethics_responsibility_primary,computational_performance_primary,-0.0386623896817442,0.0386623896817442
policy_2020_robustness,ethics_responsibility_primary,mental_health_conditions_symptoms,-0.049731976275164,0.049731976275164
policy_2020_robustness,ethics_responsibility_primary,clinical_assessment_diagnosis,0.0389576016472386,0.0389576016472386
policy_2020_robustness,ethics_responsibility_primary,treatment_intervention,0.0383690156033799,0.0383690156033799
policy_2020_robustness,ethics_responsibility_primary,neurocognitive_affective_processes,-0.0524507969691103,0.0524507969691103
policy_2020_robustness,ethics_responsibility_primary,publication_year_centered,0.0310753249821548,0.0310753249821548
policy_2020_robustness,ethics_responsibility_primary,log1p_times_cited,0.0571363447836606,0.0571363447836606
policy_2020_robustness,computational_performance_primary,mental_health_conditions_symptoms,0.1787753419263038,0.1787753419263038
policy_2020_robustness,computational_performance_primary,clinical_assessment_diagnosis,0.1656661430198462,0.1656661430198462
policy_2020_robustness,computational_performance_primary,treatment_intervention,0.0691975851111205,0.0691975851111205
policy_2020_robustness,computational_performance_primary,neurocognitive_affective_processes,-0.0129060811096869,0.0129060811096869
policy_2020_robustness,computational_performance_primary,publication_year_centered,0.0798015046916161,0.0798015046916161
policy_2020_robustness,computational_performance_primary,log1p_times_cited,0.025181866983135,0.025181866983135
policy_2020_robustness,mental_health_conditions_symptoms,clinical_assessment_diagnosis,0.1909489695075214,0.1909489695075214
policy_2020_robustness,mental_health_conditions_symptoms,treatment_intervention,0.1442491628372327,0.1442491628372327
policy_2020_robustness,mental_health_conditions_symptoms,neurocognitive_affective_processes,0.0503343194946846,0.0503343194946846
policy_2020_robustness,mental_health_conditions_symptoms,publication_year_centered,0.0229998479313298,0.0229998479313298
policy_2020_robustness,mental_health_conditions_symptoms,log1p_times_cited,0.1084918286856978,0.1084918286856978
policy_2020_robustness,clinical_assessment_diagnosis,treatment_intervention,0.0415060296940388,0.0415060296940388
policy_2020_robustness,clinical_assessment_diagnosis,neurocognitive_affective_processes,-0.0082984802599254,0.0082984802599254
policy_2020_robustness,clinical_assessment_diagnosis,publication_year_centered,0.0148451719004241,0.0148451719004241
policy_2020_robustness,clinical_assessment_diagnosis,log1p_times_cited,0.0299231133021209,0.0299231133021209
policy_2020_robustness,treatment_intervention,neurocognitive_affective_processes,0.0795015887417396,0.0795015887417396
policy_2020_robustness,treatment_intervention,publication_year_centered,-0.0422692994187976,0.0422692994187976
policy_2020_robustness,treatment_intervention,log1p_times_cited,0.008946944061326,0.008946944061326
policy_2020_robustness,neurocognitive_affective_processes,publication_year_centered,-0.0881446117118345,0.0881446117118345
policy_2020_robustness,neurocognitive_affective_processes,log1p_times_cited,0.0022697142300957,0.0022697142300957
policy_2020_robustness,publication_year_centered,log1p_times_cited,0.0372409538748121,0.0372409538748121
policy_2021_complete_case,ethics_responsibility_primary,computational_performance_primary,-0.0259722143857884,0.0259722143857884
policy_2021_complete_case,ethics_responsibility_primary,mental_health_conditions_symptoms,-0.0764027733067091,0.0764027733067091
policy_2021_complete_case,ethics_responsibility_primary,clinical_assessment_diagnosis,0.0227703798194056,0.0227703798194056
policy_2021_complete_case,ethics_responsibility_primary,treatment_intervention,0.0349040777858611,0.0349040777858611
policy_2021_complete_case,ethics_responsibility_primary,neurocognitive_affective_processes,-0.0666679977250478,0.0666679977250478
policy_2021_complete_case,ethics_responsibility_primary,publication_year_centered,0.0626196976565089,0.0626196976565089
policy_2021_complete_case,ethics_responsibility_primary,log1p_times_cited,0.0333371369133383,0.0333371369133383
policy_2021_complete_case,computational_performance_primary,mental_health_conditions_symptoms,0.1740684256677912,0.1740684256677912
policy_2021_complete_case,computational_performance_primary,clinical_assessment_diagnosis,0.1406026720946049,0.1406026720946049
policy_2021_complete_case,computational_performance_primary,treatment_intervention,0.0498558047903307,0.0498558047903307
policy_2021_complete_case,computational_performance_primary,neurocognitive_affective_processes,-0.0230547761304797,0.0230547761304797
policy_2021_complete_case,computational_performance_primary,publication_year_centered,0.0589633948604632,0.0589633948604632
policy_2021_complete_case,computational_performance_primary,log1p_times_cited,0.062127077475504,0.062127077475504
policy_2021_complete_case,mental_health_conditions_symptoms,clinical_assessment_diagnosis,0.1736395209473708,0.1736395209473708
policy_2021_complete_case,mental_health_conditions_symptoms,treatment_intervention,0.1415207064940021,0.1415207064940021
policy_2021_complete_case,mental_health_conditions_symptoms,neurocognitive_affective_processes,0.0305062710668492,0.0305062710668492
policy_2021_complete_case,mental_health_conditions_symptoms,publication_year_centered,0.0082535273944705,0.0082535273944705
policy_2021_complete_case,mental_health_conditions_symptoms,log1p_times_cited,0.1112006902199454,0.1112006902199454
policy_2021_complete_case,clinical_assessment_diagnosis,treatment_intervention,0.0317906099173161,0.0317906099173161
policy_2021_complete_case,clinical_assessment_diagnosis,neurocognitive_affective_processes,-0.0232013578808009,0.0232013578808009
policy_2021_complete_case,clinical_assessment_diagnosis,publication_year_centered,0.0095793837388514,0.0095793837388514
policy_2021_complete_case,clinical_assessment_diagnosis,log1p_times_cited,0.0387703737057771,0.0387703737057771
policy_2021_complete_case,treatment_intervention,neurocognitive_affective_processes,0.0750208030989701,0.0750208030989701
policy_2021_complete_case,treatment_intervention,publication_year_centered,-0.0582852297592231,0.0582852297592231
policy_2021_complete_case,treatment_intervention,log1p_times_cited,0.0061082127018337,0.0061082127018337
policy_2021_complete_case,neurocognitive_affective_processes,publication_year_centered,-0.0605932911314796,0.0605932911314796
policy_2021_complete_case,neurocognitive_affective_processes,log1p_times_cited,0.0014941393965911,0.0014941393965911
policy_2021_complete_case,publication_year_centered,log1p_times_cited,-0.0061329162151229,0.0061329162151229
policy_2020_complete_case,ethics_responsibility_primary,computational_performance_primary,-0.0405038640221634,0.0405038640221634
policy_2020_complete_case,ethics_responsibility_primary,mental_health_conditions_symptoms,-0.0581289327403705,0.0581289327403705
policy_2020_complete_case,ethics_responsibility_primary,clinical_assessment_diagnosis,0.0390131122386531,0.0390131122386531
policy_2020_complete_case,ethics_responsibility_primary,treatment_intervention,0.0393153978295106,0.0393153978295106
policy_2020_complete_case,ethics_responsibility_primary,neurocognitive_affective_processes,-0.0549173604386184,0.0549173604386184
policy_2020_complete_case,ethics_responsibility_primary,publication_year_centered,0.0322245597987713,0.0322245597987713
policy_2020_complete_case,ethics_responsibility_primary,log1p_times_cited,0.0521715171137683,0.0521715171137683
policy_2020_complete_case,computational_performance_primary,mental_health_conditions_symptoms,0.1702021078077448,0.1702021078077448
policy_2020_complete_case,computational_performance_primary,clinical_assessment_diagnosis,0.1606395558044808,0.1606395558044808
policy_2020_complete_case,computational_performance_primary,treatment_intervention,0.0631387530811429,0.0631387530811429
policy_2020_complete_case,computational_performance_primary,neurocognitive_affective_processes,-0.0202238495973429,0.0202238495973429
policy_2020_complete_case,computational_performance_primary,publication_year_centered,0.0854288313628177,0.0854288313628177
policy_2020_complete_case,computational_performance_primary,log1p_times_cited,0.008791465408471,0.008791465408471
policy_2020_complete_case,mental_health_conditions_symptoms,clinical_assessment_diagnosis,0.1816715808505446,0.1816715808505446
policy_2020_complete_case,mental_health_conditions_symptoms,treatment_intervention,0.1313018102913795,0.1313018102913795
policy_2020_complete_case,mental_health_conditions_symptoms,neurocognitive_affective_processes,0.0366338473235536,0.0366338473235536
policy_2020_complete_case,mental_health_conditions_symptoms,publication_year_centered,0.0310333311221507,0.0310333311221507
policy_2020_complete_case,mental_health_conditions_symptoms,log1p_times_cited,0.0769869198225269,0.0769869198225269
policy_2020_complete_case,clinical_assessment_diagnosis,treatment_intervention,0.0346208956888073,0.0346208956888073
policy_2020_complete_case,clinical_assessment_diagnosis,neurocognitive_affective_processes,-0.0168887936680808,0.0168887936680808
policy_2020_complete_case,clinical_assessment_diagnosis,publication_year_centered,0.0231653082124993,0.0231653082124993
policy_2020_complete_case,clinical_assessment_diagnosis,log1p_times_cited,0.0129796810053705,0.0129796810053705
policy_2020_complete_case,treatment_intervention,neurocognitive_affective_processes,0.071913459375532,0.071913459375532
policy_2020_complete_case,treatment_intervention,publication_year_centered,-0.0409316874440401,0.0409316874440401
policy_2020_complete_case,treatment_intervention,log1p_times_cited,-0.0108196252788477,0.0108196252788477
policy_2020_complete_case,neurocognitive_affective_processes,publication_year_centered,-0.0846382108323881,0.0846382108323881
policy_2020_complete_case,neurocognitive_affective_processes,log1p_times_cited,-0.0195436688349414,0.0195436688349414
policy_2020_complete_case,publication_year_centered,log1p_times_cited,0.0468421509088418,0.0468421509088418
policy_2021_no_citation_adjustment,ethics_responsibility_primary,computational_performance_primary,-0.0244749357071524,0.0244749357071524
policy_2021_no_citation_adjustment,ethics_responsibility_primary,mental_health_conditions_symptoms,-0.069612372170301,0.069612372170301
policy_2021_no_citation_adjustment,ethics_responsibility_primary,clinical_assessment_diagnosis,0.0231948596241154,0.0231948596241154
policy_2021_no_citation_adjustment,ethics_responsibility_primary,treatment_intervention,0.0344220989238936,0.0344220989238936
policy_2021_no_citation_adjustment,ethics_responsibility_primary,neurocognitive_affective_processes,-0.0641661103594857,0.0641661103594857
policy_2021_no_citation_adjustment,ethics_responsibility_primary,publication_year_centered,0.0619040964128455,0.0619040964128455
policy_2021_no_citation_adjustment,computational_performance_primary,mental_health_conditions_symptoms,0.1817836893897455,0.1817836893897455
policy_2021_no_citation_adjustment,computational_performance_primary,clinical_assessment_diagnosis,0.1455391385562764,0.1455391385562764
policy_2021_no_citation_adjustment,computational_performance_primary,treatment_intervention,0.0557076786642248,0.0557076786642248
policy_2021_no_citation_adjustment,computational_performance_primary,neurocognitive_affective_processes,-0.0164672460914797,0.0164672460914797
policy_2021_no_citation_adjustment,computational_performance_primary,publication_year_centered,0.0561107250438869,0.0561107250438869
policy_2021_no_citation_adjustment,mental_health_conditions_symptoms,clinical_assessment_diagnosis,0.1827980854722976,0.1827980854722976
policy_2021_no_citation_adjustment,mental_health_conditions_symptoms,treatment_intervention,0.1532200034799676,0.1532200034799676
policy_2021_no_citation_adjustment,mental_health_conditions_symptoms,neurocognitive_affective_processes,0.043016557402115,0.043016557402115
policy_2021_no_citation_adjustment,mental_health_conditions_symptoms,publication_year_centered,0.0045539717118668,0.0045539717118668
policy_2021_no_citation_adjustment,clinical_assessment_diagnosis,treatment_intervention,0.0387877374110907,0.0387877374110907
policy_2021_no_citation_adjustment,clinical_assessment_diagnosis,neurocognitive_affective_processes,-0.015160563748692,0.015160563748692
policy_2021_no_citation_adjustment,clinical_assessment_diagnosis,publication_year_centered,0.0044453721145188,0.0044453721145188
policy_2021_no_citation_adjustment,treatment_intervention,neurocognitive_affective_processes,0.0821702568641405,0.0821702568641405
policy_2021_no_citation_adjustment,treatment_intervention,publication_year_centered,-0.0584665573231935,0.0584665573231935
policy_2021_no_citation_adjustment,neurocognitive_affective_processes,publication_year_centered,-0.0620927011357609,0.0620927011357609
policy_2020_no_citation_adjustment,ethics_responsibility_primary,computational_performance_primary,-0.0386623896817442,0.0386623896817442
policy_2020_no_citation_adjustment,ethics_responsibility_primary,mental_health_conditions_symptoms,-0.049731976275164,0.049731976275164
policy_2020_no_citation_adjustment,ethics_responsibility_primary,clinical_assessment_diagnosis,0.0389576016472386,0.0389576016472386
policy_2020_no_citation_adjustment,ethics_responsibility_primary,treatment_intervention,0.0383690156033799,0.0383690156033799
policy_2020_no_citation_adjustment,ethics_responsibility_primary,neurocognitive_affective_processes,-0.0524507969691103,0.0524507969691103
policy_2020_no_citation_adjustment,ethics_responsibility_primary,publication_year_centered,0.0310753249821548,0.0310753249821548
policy_2020_no_citation_adjustment,computational_performance_primary,mental_health_conditions_symptoms,0.1787753419263038,0.1787753419263038
policy_2020_no_citation_adjustment,computational_performance_primary,clinical_assessment_diagnosis,0.1656661430198462,0.1656661430198462
policy_2020_no_citation_adjustment,computational_performance_primary,treatment_intervention,0.0691975851111205,0.0691975851111205
policy_2020_no_citation_adjustment,computational_performance_primary,neurocognitive_affective_processes,-0.0129060811096869,0.0129060811096869
policy_2020_no_citation_adjustment,computational_performance_primary,publication_year_centered,0.0798015046916161,0.0798015046916161
policy_2020_no_citation_adjustment,mental_health_conditions_symptoms,clinical_assessment_diagnosis,0.1909489695075214,0.1909489695075214
policy_2020_no_citation_adjustment,mental_health_conditions_symptoms,treatment_intervention,0.1442491628372327,0.1442491628372327
policy_2020_no_citation_adjustment,mental_health_conditions_symptoms,neurocognitive_affective_processes,0.0503343194946846,0.0503343194946846
policy_2020_no_citation_adjustment,mental_health_conditions_symptoms,publication_year_centered,0.0229998479313298,0.0229998479313298
policy_2020_no_citation_adjustment,clinical_assessment_diagnosis,treatment_intervention,0.0415060296940388,0.0415060296940388
policy_2020_no_citation_adjustment,clinical_assessment_diagnosis,neurocognitive_affective_processes,-0.0082984802599254,0.0082984802599254
policy_2020_no_citation_adjustment,clinical_assessment_diagnosis,publication_year_centered,0.0148451719004241,0.0148451719004241
policy_2020_no_citation_adjustment,treatment_intervention,neurocognitive_affective_processes,0.0795015887417396,0.0795015887417396
policy_2020_no_citation_adjustment,treatment_intervention,publication_year_centered,-0.0422692994187976,0.0422692994187976
policy_2020_no_citation_adjustment,neurocognitive_affective_processes,publication_year_centered,-0.0881446117118345,0.0881446117118345
policy_2021_flexible_year,ethics_responsibility_primary,computational_performance_primary,-0.0244749357071524,0.0244749357071524
policy_2021_flexible_year,ethics_responsibility_primary,mental_health_conditions_symptoms,-0.069612372170301,0.069612372170301
policy_2021_flexible_year,ethics_responsibility_primary,clinical_assessment_diagnosis,0.0231948596241154,0.0231948596241154
policy_2021_flexible_year,ethics_responsibility_primary,treatment_intervention,0.0344220989238936,0.0344220989238936
policy_2021_flexible_year,ethics_responsibility_primary,neurocognitive_affective_processes,-0.0641661103594857,0.0641661103594857
policy_2021_flexible_year,ethics_responsibility_primary,publication_year_spline_1,-0.0619496810977702,0.0619496810977702
policy_2021_flexible_year,ethics_responsibility_primary,publication_year_spline_2,-0.1063930248003911,0.1063930248003911
policy_2021_flexible_year,ethics_responsibility_primary,publication_year_spline_3,-0.0455012151682893,0.0455012151682893
policy_2021_flexible_year,ethics_responsibility_primary,publication_year_spline_4,0.0871976751398941,0.0871976751398941
policy_2021_flexible_year,ethics_responsibility_primary,log1p_times_cited,0.0400131463315435,0.0400131463315435
policy_2021_flexible_year,computational_performance_primary,mental_health_conditions_symptoms,0.1817836893897455,0.1817836893897455
policy_2021_flexible_year,computational_performance_primary,clinical_assessment_diagnosis,0.1455391385562764,0.1455391385562764
policy_2021_flexible_year,computational_performance_primary,treatment_intervention,0.0557076786642248,0.0557076786642248
policy_2021_flexible_year,computational_performance_primary,neurocognitive_affective_processes,-0.0164672460914797,0.0164672460914797
policy_2021_flexible_year,computational_performance_primary,publication_year_spline_1,-0.0516174882913589,0.0516174882913589
policy_2021_flexible_year,computational_performance_primary,publication_year_spline_2,-0.0326093072894461,0.0326093072894461
policy_2021_flexible_year,computational_performance_primary,publication_year_spline_3,0.0452877540527271,0.0452877540527271
policy_2021_flexible_year,computational_performance_primary,publication_year_spline_4,-0.0045090206596718,0.0045090206596718
policy_2021_flexible_year,computational_performance_primary,log1p_times_cited,0.0746102476214494,0.0746102476214494
policy_2021_flexible_year,mental_health_conditions_symptoms,clinical_assessment_diagnosis,0.1827980854722976,0.1827980854722976
policy_2021_flexible_year,mental_health_conditions_symptoms,treatment_intervention,0.1532200034799676,0.1532200034799676
policy_2021_flexible_year,mental_health_conditions_symptoms,neurocognitive_affective_processes,0.043016557402115,0.043016557402115
policy_2021_flexible_year,mental_health_conditions_symptoms,publication_year_spline_1,0.0001816309172243,0.0001816309172243
policy_2021_flexible_year,mental_health_conditions_symptoms,publication_year_spline_2,0.0247325462242413,0.0247325462242413
policy_2021_flexible_year,mental_health_conditions_symptoms,publication_year_spline_3,0.0276471918941182,0.0276471918941182
policy_2021_flexible_year,mental_health_conditions_symptoms,publication_year_spline_4,-0.0257979141597859,0.0257979141597859
policy_2021_flexible_year,mental_health_conditions_symptoms,log1p_times_cited,0.1371659800827119,0.1371659800827119
policy_2021_flexible_year,clinical_assessment_diagnosis,treatment_intervention,0.0387877374110907,0.0387877374110907
policy_2021_flexible_year,clinical_assessment_diagnosis,neurocognitive_affective_processes,-0.015160563748692,0.015160563748692
policy_2021_flexible_year,clinical_assessment_diagnosis,publication_year_spline_1,-0.0110042879677661,0.0110042879677661
policy_2021_flexible_year,clinical_assessment_diagnosis,publication_year_spline_2,0.0157801194447139,0.0157801194447139
policy_2021_flexible_year,clinical_assessment_diagnosis,publication_year_spline_3,0.0157585780145805,0.0157585780145805
policy_2021_flexible_year,clinical_assessment_diagnosis,publication_year_spline_4,-0.0135455317304181,0.0135455317304181
policy_2021_flexible_year,clinical_assessment_diagnosis,log1p_times_cited,0.0535541901858639,0.0535541901858639
policy_2021_flexible_year,treatment_intervention,neurocognitive_affective_processes,0.0821702568641405,0.0821702568641405
policy_2021_flexible_year,treatment_intervention,publication_year_spline_1,0.0676086459550522,0.0676086459550522
policy_2021_flexible_year,treatment_intervention,publication_year_spline_2,0.0367036719174252,0.0367036719174252
policy_2021_flexible_year,treatment_intervention,publication_year_spline_3,0.0279263292324512,0.0279263292324512
policy_2021_flexible_year,treatment_intervention,publication_year_spline_4,-0.0573707818802839,0.0573707818802839
policy_2021_flexible_year,treatment_intervention,log1p_times_cited,0.0235536958737061,0.0235536958737061
policy_2021_flexible_year,neurocognitive_affective_processes,publication_year_spline_1,0.067173006368718,0.067173006368718
policy_2021_flexible_year,neurocognitive_affective_processes,publication_year_spline_2,0.0062522440114248,0.0062522440114248
policy_2021_flexible_year,neurocognitive_affective_processes,publication_year_spline_3,-0.0419358780682524,0.0419358780682524
policy_2021_flexible_year,neurocognitive_affective_processes,publication_year_spline_4,0.0039979018494452,0.0039979018494452
policy_2021_flexible_year,neurocognitive_affective_processes,log1p_times_cited,0.0200133434862772,0.0200133434862772
policy_2021_flexible_year,publication_year_spline_1,publication_year_spline_2,0.5890988452213554,0.5890988452213554
policy_2021_flexible_year,publication_year_spline_1,publication_year_spline_3,-0.2398705536424667,0.2398705536424667
policy_2021_flexible_year,publication_year_spline_1,publication_year_spline_4,-0.3455389981636361,0.3455389981636361
policy_2021_flexible_year,publication_year_spline_1,log1p_times_cited,0.0130585137821975,0.0130585137821975
policy_2021_flexible_year,publication_year_spline_2,publication_year_spline_3,0.2805024501131356,0.2805024501131356
policy_2021_flexible_year,publication_year_spline_2,publication_year_spline_4,-0.7001977481647005,0.7001977481647005
policy_2021_flexible_year,publication_year_spline_2,log1p_times_cited,0.1009554461333403,0.1009554461333403
policy_2021_flexible_year,publication_year_spline_3,publication_year_spline_4,-0.8031433225547429,0.8031433225547429
policy_2021_flexible_year,publication_year_spline_3,log1p_times_cited,0.0623589838247948,0.0623589838247948
policy_2021_flexible_year,publication_year_spline_4,log1p_times_cited,-0.0754797680473649,0.0754797680473649
policy_2020_flexible_year,ethics_responsibility_primary,computational_performance_primary,-0.0386623896817442,0.0386623896817442
policy_2020_flexible_year,ethics_responsibility_primary,mental_health_conditions_symptoms,-0.049731976275164,0.049731976275164
policy_2020_flexible_year,ethics_responsibility_primary,clinical_assessment_diagnosis,0.0389576016472386,0.0389576016472386
policy_2020_flexible_year,ethics_responsibility_primary,treatment_intervention,0.0383690156033799,0.0383690156033799
policy_2020_flexible_year,ethics_responsibility_primary,neurocognitive_affective_processes,-0.0524507969691103,0.0524507969691103
policy_2020_flexible_year,ethics_responsibility_primary,publication_year_spline_1,-0.0374565059493349,0.0374565059493349
policy_2020_flexible_year,ethics_responsibility_primary,publication_year_spline_2,-0.0840498744898515,0.0840498744898515
policy_2020_flexible_year,ethics_responsibility_primary,publication_year_spline_3,-0.0253606255924887,0.0253606255924887
policy_2020_flexible_year,ethics_responsibility_primary,publication_year_spline_4,0.0536650269107559,0.0536650269107559
policy_2020_flexible_year,ethics_responsibility_primary,log1p_times_cited,0.0571363447836606,0.0571363447836606
policy_2020_flexible_year,computational_performance_primary,mental_health_conditions_symptoms,0.1787753419263038,0.1787753419263038
policy_2020_flexible_year,computational_performance_primary,clinical_assessment_diagnosis,0.1656661430198462,0.1656661430198462
policy_2020_flexible_year,computational_performance_primary,treatment_intervention,0.0691975851111205,0.0691975851111205
policy_2020_flexible_year,computational_performance_primary,neurocognitive_affective_processes,-0.0129060811096869,0.0129060811096869
policy_2020_flexible_year,computational_performance_primary,publication_year_spline_1,-0.0647807811913459,0.0647807811913459
policy_2020_flexible_year,computational_performance_primary,publication_year_spline_2,-0.0690737773281438,0.0690737773281438
policy_2020_flexible_year,computational_performance_primary,publication_year_spline_3,-0.0155521159372434,0.0155521159372434
policy_2020_flexible_year,computational_performance_primary,publication_year_spline_4,0.0651599657447224,0.0651599657447224
policy_2020_flexible_year,computational_performance_primary,log1p_times_cited,0.025181866983135,0.025181866983135
policy_2020_flexible_year,mental_health_conditions_symptoms,clinical_assessment_diagnosis,0.1909489695075214,0.1909489695075214
policy_2020_flexible_year,mental_health_conditions_symptoms,treatment_intervention,0.1442491628372327,0.1442491628372327
policy_2020_flexible_year,mental_health_conditions_symptoms,neurocognitive_affective_processes,0.0503343194946846,0.0503343194946846
policy_2020_flexible_year,mental_health_conditions_symptoms,publication_year_spline_1,-0.0131219735150659,0.0131219735150659
policy_2020_flexible_year,mental_health_conditions_symptoms,publication_year_spline_2,0.0065382994930467,0.0065382994930467
policy_2020_flexible_year,mental_health_conditions_symptoms,publication_year_spline_3,0.0084229313872703,0.0084229313872703
policy_2020_flexible_year,mental_health_conditions_symptoms,publication_year_spline_4,0.0026328383266966,0.0026328383266966
policy_2020_flexible_year,mental_health_conditions_symptoms,log1p_times_cited,0.1084918286856978,0.1084918286856978
policy_2020_flexible_year,clinical_assessment_diagnosis,treatment_intervention,0.0415060296940388,0.0415060296940388
policy_2020_flexible_year,clinical_assessment_diagnosis,neurocognitive_affective_processes,-0.0082984802599254,0.0082984802599254
policy_2020_flexible_year,clinical_assessment_diagnosis,publication_year_spline_1,-0.0227191510625173,0.0227191510625173
policy_2020_flexible_year,clinical_assessment_diagnosis,publication_year_spline_2,0.0072216716006795,0.0072216716006795
policy_2020_flexible_year,clinical_assessment_diagnosis,publication_year_spline_3,0.004436190906006,0.004436190906006
policy_2020_flexible_year,clinical_assessment_diagnosis,publication_year_spline_4,0.0029500787091499,0.0029500787091499
policy_2020_flexible_year,clinical_assessment_diagnosis,log1p_times_cited,0.0299231133021209,0.0299231133021209
policy_2020_flexible_year,treatment_intervention,neurocognitive_affective_processes,0.0795015887417396,0.0795015887417396
policy_2020_flexible_year,treatment_intervention,publication_year_spline_1,0.0649712942271744,0.0649712942271744
policy_2020_flexible_year,treatment_intervention,publication_year_spline_2,0.0058714772831732,0.0058714772831732
policy_2020_flexible_year,treatment_intervention,publication_year_spline_3,-0.0342427066631038,0.0342427066631038
policy_2020_flexible_year,treatment_intervention,publication_year_spline_4,0.0025023424004538,0.0025023424004538
policy_2020_flexible_year,treatment_intervention,log1p_times_cited,0.008946944061326,0.008946944061326
policy_2020_flexible_year,neurocognitive_affective_processes,publication_year_spline_1,0.0918565269558961,0.0918565269558961
policy_2020_flexible_year,neurocognitive_affective_processes,publication_year_spline_2,0.0316558894667538,0.0316558894667538
policy_2020_flexible_year,neurocognitive_affective_processes,publication_year_spline_3,-0.0216641908294871,0.0216641908294871
policy_2020_flexible_year,neurocognitive_affective_processes,publication_year_spline_4,-0.0339127365914045,0.0339127365914045
policy_2020_flexible_year,neurocognitive_affective_processes,log1p_times_cited,0.0022697142300957,0.0022697142300957
policy_2020_flexible_year,publication_year_spline_1,publication_year_spline_2,0.5873408926081837,0.5873408926081837
policy_2020_flexible_year,publication_year_spline_1,publication_year_spline_3,-0.2252982670770417,0.2252982670770417
policy_2020_flexible_year,publication_year_spline_1,publication_year_spline_4,-0.4017105534408743,0.4017105534408743
policy_2020_flexible_year,publication_year_spline_1,log1p_times_cited,-0.0266520481111786,0.0266520481111786
policy_2020_flexible_year,publication_year_spline_2,publication_year_spline_3,0.3101663020501278,0.3101663020501278
policy_2020_flexible_year,publication_year_spline_2,publication_year_spline_4,-0.7310160424097768,0.7310160424097768
policy_2020_flexible_year,publication_year_spline_2,log1p_times_cited,0.0672940065656089,0.0672940065656089
policy_2020_flexible_year,publication_year_spline_3,publication_year_spline_4,-0.7730690230834114,0.7730690230834114
policy_2020_flexible_year,publication_year_spline_3,log1p_times_cited,0.0277382429437797,0.0277382429437797
policy_2020_flexible_year,publication_year_spline_4,log1p_times_cited,-0.0185158324287684,0.0185158324287684
