analysis_sample,outcome,term,coefficient_log_odds,robust_standard_error,z_value,p_value,ci_95_log_odds_low,ci_95_log_odds_high,odds_ratio,ci_95_odds_ratio_low,ci_95_odds_ratio_high
all_final_P_citation_window_sensitivity,has_policy_document_link,const,-7.689335613695683,0.3021008927065347,-25.45287286246194,6.560994495602907e-143,-8.28144248309789,-7.097228744293476,0.000457682148496,0.0002531717405569,0.0008273946712661
all_final_P_citation_window_sensitivity,has_policy_document_link,ethics_responsibility_primary,0.2428083188532039,0.1909383195889115,1.2716584045359154,0.2034945156510961,-0.1314239108096613,0.6170405485160693,1.2748242409249186,0.8768459911010973,1.8534347670438485
all_final_P_citation_window_sensitivity,has_policy_document_link,computational_performance_primary,-0.2546351997075526,0.2413219620824319,-1.0551679487032064,0.2913485200217537,-0.7276175540676597,0.2183471546525544,0.7751992392950845,0.4830584809596103,1.2440188596004036
all_final_P_citation_window_sensitivity,has_policy_document_link,mental_health_conditions_symptoms,0.1241534905555712,0.157495039378957,0.7883009588437837,0.4305206869478206,-0.184531114370902,0.4328380954820446,1.132189638079592,0.8314940680820764,1.5416266041819393
all_final_P_citation_window_sensitivity,has_policy_document_link,clinical_assessment_diagnosis,-0.2256180800170636,0.1838652453589393,-1.227083887314402,0.2197910632008058,-0.5859873389292051,0.1347511788950778,0.7980228243355849,0.5565560809617988,1.1442520348713174
all_final_P_citation_window_sensitivity,has_policy_document_link,treatment_intervention,0.0271156535176438,0.1578052481802243,0.1718298588312847,0.8635712906866795,-0.2821769494870008,0.3364082565222883,1.0274866283349582,0.7541402279994334,1.3999104307268615
all_final_P_citation_window_sensitivity,has_policy_document_link,neurocognitive_affective_processes,-0.5148700103487178,0.2123154540355394,-2.425023711474784,0.0153073869282352,-0.9310006536196443,-0.0987393670777911,0.5975782685604678,0.3941590962421296,0.9059788051583166
all_final_P_citation_window_sensitivity,has_policy_document_link,publication_year_centered,-0.0638721633467799,0.0152608365224555,-4.185364495111093,2.8470887102379287e-05,-0.0937828533047462,-0.0339614733888136,0.9381249186154372,0.9104804485970268,0.9666087440793998
all_final_P_citation_window_sensitivity,has_policy_document_link,log1p_times_cited,1.1501258459269086,0.0636965855315712,18.05631866023412,7.036134500649725e-73,1.025282832346854,1.2749688595069633,3.158590380413355,2.787883852802026,3.578589969310407
publications_through_2021_primary,has_policy_document_link,const,-7.1012977566257645,0.4419895184962766,-16.06666551909553,4.369680297454575e-58,-7.967581294422667,-6.235014218828862,0.0008240348323937,0.0003465160935356,0.0019596013508918
publications_through_2021_primary,has_policy_document_link,ethics_responsibility_primary,0.6915432209051191,0.2616202565861673,2.643309160876663,0.0082100032710314,0.1787769403701034,1.2043095014401348,1.996794652001978,1.1957539899754923,3.3344558460101146
publications_through_2021_primary,has_policy_document_link,computational_performance_primary,-0.306887086532072,0.2950686368250562,-1.0400532223084855,0.2983151745805966,-0.8852109876765113,0.2714368146123673,0.7357336704575324,0.4126271048600709,1.311847979614617
publications_through_2021_primary,has_policy_document_link,mental_health_conditions_symptoms,0.2833230775507889,0.1979231235924108,1.431480427391823,0.1522925725312165,-0.1045991163980062,0.671245271499584,1.3275339889709596,0.9006855202780362,1.9566723925228888
publications_through_2021_primary,has_policy_document_link,clinical_assessment_diagnosis,0.1331946485130318,0.2197876722859613,0.6060151014281409,0.5445047252728776,-0.2975812734133445,0.5639705704394082,1.142472357234793,0.7426122261376928,1.7576374871097398
publications_through_2021_primary,has_policy_document_link,treatment_intervention,0.0245554505083718,0.2001560079779334,0.122681556034426,0.9023592696765546,-0.3677431164176895,0.4168540174344332,1.0248594185073958,0.6922949980678177,1.517181014791076
publications_through_2021_primary,has_policy_document_link,neurocognitive_affective_processes,-0.1811033743196916,0.2530871098687615,-0.7155772351013963,0.4742524344821829,-0.677144994613796,0.3149382459744126,0.8343491039665965,0.5080654533055549,1.3701746945411757
publications_through_2021_primary,has_policy_document_link,publication_year_centered,0.0378376690028415,0.0265731012063805,1.4239086627102555,0.1544729138354317,-0.0142446523192021,0.0899199903248852,1.038562628286931,0.9858563227206064,1.0940867426783634
publications_through_2021_primary,has_policy_document_link,log1p_times_cited,1.116768059330525,0.087908460791826,12.703760812911025,5.635503237646564e-37,0.9444706422421943,1.2890654764188554,3.0549647659929646,2.5714518002798,3.629393216875753
publications_through_2020_window_robustness,has_policy_document_link,const,-7.084410750158187,0.5428524056058894,-13.05034421326939,6.326093589214854e-39,-8.14838191406666,-6.020439586249715,0.0008380684735348,0.0002892029364397,0.0024286017803947
publications_through_2020_window_robustness,has_policy_document_link,ethics_responsibility_primary,0.981188307427584,0.3077027609586018,3.18875366724315,0.001428875819531,0.3781019780051868,1.584274636849981,2.66762431702296,1.4595117733861451,4.87575340366197
publications_through_2020_window_robustness,has_policy_document_link,computational_performance_primary,-0.0395507586931026,0.3214521985306282,-0.1230377607429373,0.902077196371597,-0.6695854905643531,0.5904839731781478,0.9612211624223236,0.5119207297868018,1.804861708712824
publications_through_2020_window_robustness,has_policy_document_link,mental_health_conditions_symptoms,0.6484674504726063,0.2281032616132878,2.842867944483749,0.0044709590943624,0.2013932729544443,1.0955416279907684,1.9126074161960456,1.223105691639699,2.9908021469380115
publications_through_2020_window_robustness,has_policy_document_link,clinical_assessment_diagnosis,0.0568933071840295,0.2578915396258787,0.2206094363024246,0.8253965529761411,-0.448564822400277,0.5623514367683361,1.0585428654512596,0.638543918248622,1.75479393973569
publications_through_2020_window_robustness,has_policy_document_link,treatment_intervention,0.0638365996898788,0.2254724613260764,0.2831237097179637,0.7770820071298767,-0.3780813040148311,0.5057545033945888,1.0659182131643077,0.6851747909398244,1.658236193419988
publications_through_2020_window_robustness,has_policy_document_link,neurocognitive_affective_processes,-0.3982616190594861,0.3068677258050247,-1.2978283004988622,0.1943463424347583,-0.9997113096550472,0.2031880715360749,0.6714863310578326,0.3679856597456158,1.2253028911757236
publications_through_2020_window_robustness,has_policy_document_link,publication_year_centered,0.0794544183067142,0.0353831675097849,2.2455428357210194,0.0247333055427571,0.010104684328588,0.1488041522848405,1.082696207278226,1.010155909042416,1.1604456963142251
publications_through_2020_window_robustness,has_policy_document_link,log1p_times_cited,1.1379810826561472,0.1048506716487999,10.853350434109226,1.92246506178941e-27,0.9324775424696644,1.34348462284263,3.1204620464137043,2.54079631685641,3.832374645109616
